{
	"agcgw_all":{
		"CN":"connect-drcn.dbankcloud.cn",
		"CN_back":"connect-drcn.hispace.hicloud.com",
		"DE":"connect-dre.dbankcloud.cn",
		"DE_back":"connect-dre.hispace.hicloud.com",
		"RU":"connect-drru.hispace.dbankcloud.ru",
		"RU_back":"connect-drru.hispace.dbankcloud.cn",
		"SG":"connect-dra.dbankcloud.cn",
		"SG_back":"connect-dra.hispace.hicloud.com"
	},
	"websocketgw_all":{
		"CN":"connect-ws-drcn.hispace.dbankcloud.cn",
		"CN_back":"connect-ws-drcn.hispace.dbankcloud.com",
		"DE":"connect-ws-dre.hispace.dbankcloud.cn",
		"DE_back":"connect-ws-dre.hispace.dbankcloud.com",
		"RU":"connect-ws-drru.hispace.dbankcloud.ru",
		"RU_back":"connect-ws-drru.hispace.dbankcloud.cn",
		"SG":"connect-ws-dra.hispace.dbankcloud.cn",
		"SG_back":"connect-ws-dra.hispace.dbankcloud.com"
	},
	"client":{
		"cp_id":"420086000101979070",
		"product_id":"388421841221695217",
		"client_id":"1250735881103375616",
		"client_secret":"1E85E12DA99F29CC4C94286346EBA08373A55AF08DD6E0FFD13B45DD12E824BE",
		"project_id":"388421841221695217",
		"app_id":"109244775",
		"api_key":"DAEDAOmukO2Da09L4/ihCUsUTfvuU9NCsXeNC+imEgyDIhaEsAkbWL7fCNUCYEDZPKwscAOd6sH9TnTgrJXxVl62f+kmMZmjG/FUCg==",
		"package_name":"com.example.oaidtest2"
	},
	"oauth_client":{
		"client_id":"109244775",
		"client_type":1
	},
	"app_info":{
		"app_id":"109244775",
		"package_name":"com.example.oaidtest2"
	},
	"configuration_version":"3.0",
	"appInfos":[
		{
			"package_name":"com.example.oaidtest2",
			"client":{
				"app_id":"109244775"
			},
			"app_info":{
				"package_name":"com.example.oaidtest2",
				"app_id":"109244775"
			},
			"oauth_client":{
				"client_type":1,
				"client_id":"109244775"
			}
		}
	]
}